{
 "mean_d2s": 1.1604820932024784,
 "mean_s2d": 0.7890501903892071,
 "overall": 0.9747661417958428
}